<metadata xml:lang="en"><Esri><CreaDate>20211003</CreaDate><CreaTime>15162900</CreaTime><ArcGISFormat>1.0</ArcGISFormat><SyncOnce>FALSE</SyncOnce><DataProperties><lineage><Process ToolSource="c:\program files\arcgis\pro\Resources\ArcToolbox\toolboxes\Conversion Tools.tbx\FeatureClassToFeatureClass" Date="20211003" Time="151629">FeatureClassToFeatureClass CensusTracts "C:\Users\Carlos\Documents\ArcGIS\Projects\7362 Final Project\7362 Final Project.gdb" Poverty_High_Low # "OBJECTID "OBJECTID" true true false 10 Long 0 10,First,#,CensusTracts,CensusTracts.OBJECTID,-1,-1;STATEFP "STATEFP" true true false 2 Text 0 0,First,#,CensusTracts,CensusTracts.STATEFP,0,2;COUNTYFP "COUNTYFP" true true false 3 Text 0 0,First,#,CensusTracts,CensusTracts.COUNTYFP,0,3;TRACTCE "TRACTCE" true true false 6 Text 0 0,First,#,CensusTracts,CensusTracts.TRACTCE,0,6;GEOID "GEOID" true true false 11 Text 0 0,First,#,CensusTracts,CensusTracts.GEOID,0,11;NAME "NAME" true true false 7 Text 0 0,First,#,CensusTracts,CensusTracts.NAME,0,7;NAMELSAD "NAMELSAD" true true false 20 Text 0 0,First,#,CensusTracts,CensusTracts.NAMELSAD,0,20;MTFCC "MTFCC" true true false 5 Text 0 0,First,#,CensusTracts,CensusTracts.MTFCC,0,5;FUNCSTAT "FUNCSTAT" true true false 1 Text 0 0,First,#,CensusTracts,CensusTracts.FUNCSTAT,0,1;ALAND "ALAND" true true false 19 Double 0 0,First,#,CensusTracts,CensusTracts.ALAND,-1,-1;AWATER "AWATER" true true false 19 Double 0 0,First,#,CensusTracts,CensusTracts.AWATER,-1,-1;INTPTLAT "INTPTLAT" true true false 11 Text 0 0,First,#,CensusTracts,CensusTracts.INTPTLAT,0,11;INTPTLON "INTPTLON" true true false 12 Text 0 0,First,#,CensusTracts,CensusTracts.INTPTLON,0,12;Shape_Leng "Shape_Leng" true true false 19 Double 0 0,First,#,CensusTracts,CensusTracts.Shape_Leng,-1,-1;Shape_Area "Shape_Area" true true false 19 Double 0 0,First,#,CensusTracts,CensusTracts.Shape_Area,-1,-1;GEOID_Data "GEOID_Data" true true false 254 Text 0 0,First,#,CensusTracts,CensusTracts.GEOID_Data,0,254;GeoIDD "GeoIDD" true true false 19 Double 0 0,First,#,CensusTracts,CensusTracts.GeoIDD,-1,-1;GEO_ID "GEO_ID" true true false 8 Double 0 0,First,#,CensusTracts,Poverty High Low Estimate 2015-2019.csv.GEO_ID,-1,-1;NAME_1 "NAME" true true false 8000 Text 0 0,First,#,CensusTracts,Poverty High Low Estimate 2015-2019.csv.NAME,0,8000;PovLoEs "PovLoEs" true true false 8 Double 0 0,First,#,CensusTracts,Poverty High Low Estimate 2015-2019.csv.PovLoEs,-1,-1;PovHiEs "PovHiEs" true true false 8 Double 0 0,First,#,CensusTracts,Poverty High Low Estimate 2015-2019.csv.PovHiEs,-1,-1" #</Process><Process ToolSource="c:\program files\arcgis\pro\Resources\ArcToolbox\toolboxes\Data Management Tools.tbx\CopyFeatures" Date="20211003" Time="151915">CopyFeatures Poverty_High_Low "C:\Users\Carlos\Documents\Maps\Low-Income, Poverty\Poverty_High_Low.shp" # # # #</Process><Process ToolSource="c:\program files\arcgis\pro\Resources\ArcToolbox\toolboxes\Conversion Tools.tbx\FeatureClassToFeatureClass" Date="20211126" Time="142800">FeatureClassToFeatureClass "Poverty: Lowest Estimates" "C:\Users\Carlos\Documents\Grad School\5408\Final Project\Map Layer Data\Poverty Lowest Estimates" "Poverty Lowest Estimates.shp" # "OBJECTID "OBJECTID" true true false 10 Long 0 10,First,#,Poverty: Lowest Estimates,OBJECTID,-1,-1;STATEFP "STATEFP" true true false 2 Text 0 0,First,#,Poverty: Lowest Estimates,STATEFP,0,2;COUNTYFP "COUNTYFP" true true false 3 Text 0 0,First,#,Poverty: Lowest Estimates,COUNTYFP,0,3;TRACTCE "TRACTCE" true true false 6 Text 0 0,First,#,Poverty: Lowest Estimates,TRACTCE,0,6;GEOID "GEOID" true true false 11 Text 0 0,First,#,Poverty: Lowest Estimates,GEOID,0,11;NAME "NAME" true true false 7 Text 0 0,First,#,Poverty: Lowest Estimates,NAME,0,7;NAMELSAD "NAMELSAD" true true false 20 Text 0 0,First,#,Poverty: Lowest Estimates,NAMELSAD,0,20;MTFCC "MTFCC" true true false 5 Text 0 0,First,#,Poverty: Lowest Estimates,MTFCC,0,5;FUNCSTAT "FUNCSTAT" true true false 1 Text 0 0,First,#,Poverty: Lowest Estimates,FUNCSTAT,0,1;ALAND "ALAND" true true false 19 Double 0 0,First,#,Poverty: Lowest Estimates,ALAND,-1,-1;AWATER "AWATER" true true false 19 Double 0 0,First,#,Poverty: Lowest Estimates,AWATER,-1,-1;INTPTLAT "INTPTLAT" true true false 11 Text 0 0,First,#,Poverty: Lowest Estimates,INTPTLAT,0,11;INTPTLON "INTPTLON" true true false 12 Text 0 0,First,#,Poverty: Lowest Estimates,INTPTLON,0,12;Shape_Leng "Shape_Leng" true true false 19 Double 0 0,First,#,Poverty: Lowest Estimates,Shape_Leng,-1,-1;GEOID_Data "GEOID_Data" true true false 254 Text 0 0,First,#,Poverty: Lowest Estimates,GEOID_Data,0,254;GeoIDD "GeoIDD" true true false 19 Double 0 0,First,#,Poverty: Lowest Estimates,GeoIDD,-1,-1;GEO_ID "GEO_ID" true true false 19 Double 0 0,First,#,Poverty: Lowest Estimates,GEO_ID,-1,-1;NAME_1 "NAME_1" true true false 254 Text 0 0,First,#,Poverty: Lowest Estimates,NAME_1,0,254;PovLoEs "PovLoEs" true true false 19 Double 0 0,First,#,Poverty: Lowest Estimates,PovLoEs,-1,-1;PovHiEs "PovHiEs" true true false 19 Double 0 0,First,#,Poverty: Lowest Estimates,PovHiEs,-1,-1;Shape_Le_1 "Shape_Le_1" true true false 19 Double 0 0,First,#,Poverty: Lowest Estimates,Shape_Le_1,-1,-1;Shape_Area "Shape_Area" true true false 19 Double 0 0,First,#,Poverty: Lowest Estimates,Shape_Area,-1,-1" #</Process></lineage><itemProps><itemName Sync="TRUE">Poverty Lowest Estimates</itemName><imsContentType Sync="TRUE">002</imsContentType><itemSize Sync="TRUE">0.000</itemSize><itemLocation><linkage Sync="TRUE">file://\\DESKTOP-HT7K8MO\C$\Users\Carlos\Documents\Grad School\5408\Final Project\Map Layer Data\Poverty Lowest Estimates\Poverty Lowest Estimates.shp</linkage><protocol Sync="TRUE">Local Area Network</protocol></itemLocation></itemProps><coordRef><type Sync="TRUE">Geographic</type><geogcsn Sync="TRUE">GCS_North_American_1983</geogcsn><csUnits Sync="TRUE">Angular Unit: Degree (0.017453)</csUnits><peXml Sync="TRUE">&lt;GeographicCoordinateSystem xsi:type='typens:GeographicCoordinateSystem' xmlns:xsi='http://www.w3.org/2001/XMLSchema-instance' xmlns:xs='http://www.w3.org/2001/XMLSchema' xmlns:typens='http://www.esri.com/schemas/ArcGIS/2.8.0'&gt;&lt;WKT&gt;GEOGCS[&amp;quot;GCS_North_American_1983&amp;quot;,DATUM[&amp;quot;D_North_American_1983&amp;quot;,SPHEROID[&amp;quot;GRS_1980&amp;quot;,6378137.0,298.257222101]],PRIMEM[&amp;quot;Greenwich&amp;quot;,0.0],UNIT[&amp;quot;Degree&amp;quot;,0.0174532925199433],AUTHORITY[&amp;quot;EPSG&amp;quot;,4269]]&lt;/WKT&gt;&lt;XOrigin&gt;-400&lt;/XOrigin&gt;&lt;YOrigin&gt;-400&lt;/YOrigin&gt;&lt;XYScale&gt;11258999068426.238&lt;/XYScale&gt;&lt;ZOrigin&gt;-100000&lt;/ZOrigin&gt;&lt;ZScale&gt;10000&lt;/ZScale&gt;&lt;MOrigin&gt;-100000&lt;/MOrigin&gt;&lt;MScale&gt;10000&lt;/MScale&gt;&lt;XYTolerance&gt;8.983152841195215e-09&lt;/XYTolerance&gt;&lt;ZTolerance&gt;0.001&lt;/ZTolerance&gt;&lt;MTolerance&gt;0.001&lt;/MTolerance&gt;&lt;HighPrecision&gt;true&lt;/HighPrecision&gt;&lt;LeftLongitude&gt;-180&lt;/LeftLongitude&gt;&lt;WKID&gt;4269&lt;/WKID&gt;&lt;LatestWKID&gt;4269&lt;/LatestWKID&gt;&lt;/GeographicCoordinateSystem&gt;</peXml></coordRef></DataProperties><SyncDate>20211126</SyncDate><SyncTime>14280000</SyncTime><ModDate>20211126</ModDate><ModTime>14280000</ModTime></Esri><dataIdInfo><envirDesc Sync="TRUE">Microsoft Windows 10 Version 10.0 (Build 19043) ; Esri ArcGIS 12.8.0.29751</envirDesc><dataLang><languageCode value="eng" Sync="TRUE"></languageCode><countryCode value="USA" Sync="TRUE"></countryCode></dataLang><idCitation><resTitle Sync="TRUE">Poverty Lowest Estimates</resTitle><presForm><PresFormCd value="005" Sync="TRUE"></PresFormCd></presForm></idCitation><spatRpType><SpatRepTypCd value="001" Sync="TRUE"></SpatRepTypCd></spatRpType></dataIdInfo><mdLang><languageCode value="eng" Sync="TRUE"></languageCode><countryCode value="USA" Sync="TRUE"></countryCode></mdLang><distInfo><distFormat><formatName Sync="TRUE">Shapefile</formatName></distFormat><distTranOps><transSize Sync="TRUE">0.000</transSize></distTranOps></distInfo><mdHrLv><ScopeCd value="005" Sync="TRUE"></ScopeCd></mdHrLv><mdHrLvName Sync="TRUE">dataset</mdHrLvName><refSysInfo><RefSystem><refSysID><identCode code="4269" Sync="TRUE"></identCode><idCodeSpace Sync="TRUE">EPSG</idCodeSpace><idVersion Sync="TRUE">6.5(3.0.1)</idVersion></refSysID></RefSystem></refSysInfo><spatRepInfo><VectSpatRep><geometObjs Name="Poverty Lowest Estimates"><geoObjTyp><GeoObjTypCd value="002" Sync="TRUE"></GeoObjTypCd></geoObjTyp><geoObjCnt Sync="TRUE">0</geoObjCnt></geometObjs><topLvl><TopoLevCd value="001" Sync="TRUE"></TopoLevCd></topLvl></VectSpatRep></spatRepInfo><spdoinfo><ptvctinf><esriterm Name="Poverty Lowest Estimates"><efeatyp Sync="TRUE">Simple</efeatyp><efeageom code="4" Sync="TRUE"></efeageom><esritopo Sync="TRUE">FALSE</esritopo><efeacnt Sync="TRUE">0</efeacnt><spindex Sync="TRUE">FALSE</spindex><linrefer Sync="TRUE">FALSE</linrefer></esriterm></ptvctinf></spdoinfo><eainfo><detailed Name="Poverty Lowest Estimates"><enttyp><enttypl Sync="TRUE">Poverty Lowest Estimates</enttypl><enttypt Sync="TRUE">Feature Class</enttypt><enttypc Sync="TRUE">0</enttypc></enttyp><attr><attrlabl Sync="TRUE">FID</attrlabl><attalias Sync="TRUE">FID</attalias><attrtype Sync="TRUE">OID</attrtype><attwidth Sync="TRUE">4</attwidth><atprecis Sync="TRUE">0</atprecis><attscale Sync="TRUE">0</attscale><attrdef Sync="TRUE">Internal feature number.</attrdef><attrdefs Sync="TRUE">Esri</attrdefs><attrdomv><udom Sync="TRUE">Sequential unique whole numbers that are automatically generated.</udom></attrdomv></attr><attr><attrlabl Sync="TRUE">Shape</attrlabl><attalias Sync="TRUE">Shape</attalias><attrtype Sync="TRUE">Geometry</attrtype><attwidth Sync="TRUE">0</attwidth><atprecis Sync="TRUE">0</atprecis><attscale Sync="TRUE">0</attscale><attrdef Sync="TRUE">Feature geometry.</attrdef><attrdefs Sync="TRUE">Esri</attrdefs><attrdomv><udom Sync="TRUE">Coordinates defining the features.</udom></attrdomv></attr><attr><attrlabl Sync="TRUE">OBJECTID</attrlabl><attalias Sync="TRUE">OBJECTID</attalias><attrtype Sync="TRUE">Integer</attrtype><attwidth Sync="TRUE">10</attwidth><atprecis Sync="TRUE">10</atprecis><attscale Sync="TRUE">0</attscale></attr><attr><attrlabl Sync="TRUE">STATEFP</attrlabl><attalias Sync="TRUE">STATEFP</attalias><attrtype Sync="TRUE">String</attrtype><attwidth Sync="TRUE">2</attwidth><atprecis Sync="TRUE">0</atprecis><attscale Sync="TRUE">0</attscale></attr><attr><attrlabl Sync="TRUE">COUNTYFP</attrlabl><attalias Sync="TRUE">COUNTYFP</attalias><attrtype Sync="TRUE">String</attrtype><attwidth Sync="TRUE">3</attwidth><atprecis Sync="TRUE">0</atprecis><attscale Sync="TRUE">0</attscale></attr><attr><attrlabl Sync="TRUE">TRACTCE</attrlabl><attalias Sync="TRUE">TRACTCE</attalias><attrtype Sync="TRUE">String</attrtype><attwidth Sync="TRUE">6</attwidth><atprecis Sync="TRUE">0</atprecis><attscale Sync="TRUE">0</attscale></attr><attr><attrlabl Sync="TRUE">GEOID</attrlabl><attalias Sync="TRUE">GEOID</attalias><attrtype Sync="TRUE">String</attrtype><attwidth Sync="TRUE">11</attwidth><atprecis Sync="TRUE">0</atprecis><attscale Sync="TRUE">0</attscale></attr><attr><attrlabl Sync="TRUE">NAME</attrlabl><attalias Sync="TRUE">NAME</attalias><attrtype Sync="TRUE">String</attrtype><attwidth Sync="TRUE">7</attwidth><atprecis Sync="TRUE">0</atprecis><attscale Sync="TRUE">0</attscale></attr><attr><attrlabl Sync="TRUE">NAMELSAD</attrlabl><attalias Sync="TRUE">NAMELSAD</attalias><attrtype Sync="TRUE">String</attrtype><attwidth Sync="TRUE">20</attwidth><atprecis Sync="TRUE">0</atprecis><attscale Sync="TRUE">0</attscale></attr><attr><attrlabl Sync="TRUE">MTFCC</attrlabl><attalias Sync="TRUE">MTFCC</attalias><attrtype Sync="TRUE">String</attrtype><attwidth Sync="TRUE">5</attwidth><atprecis Sync="TRUE">0</atprecis><attscale Sync="TRUE">0</attscale></attr><attr><attrlabl Sync="TRUE">FUNCSTAT</attrlabl><attalias Sync="TRUE">FUNCSTAT</attalias><attrtype Sync="TRUE">String</attrtype><attwidth Sync="TRUE">1</attwidth><atprecis Sync="TRUE">0</atprecis><attscale Sync="TRUE">0</attscale></attr><attr><attrlabl Sync="TRUE">ALAND</attrlabl><attalias Sync="TRUE">ALAND</attalias><attrtype Sync="TRUE">Double</attrtype><attwidth Sync="TRUE">19</attwidth><atprecis Sync="TRUE">0</atprecis><attscale Sync="TRUE">0</attscale></attr><attr><attrlabl Sync="TRUE">AWATER</attrlabl><attalias Sync="TRUE">AWATER</attalias><attrtype Sync="TRUE">Double</attrtype><attwidth Sync="TRUE">19</attwidth><atprecis Sync="TRUE">0</atprecis><attscale Sync="TRUE">0</attscale></attr><attr><attrlabl Sync="TRUE">INTPTLAT</attrlabl><attalias Sync="TRUE">INTPTLAT</attalias><attrtype Sync="TRUE">String</attrtype><attwidth Sync="TRUE">11</attwidth><atprecis Sync="TRUE">0</atprecis><attscale Sync="TRUE">0</attscale></attr><attr><attrlabl Sync="TRUE">INTPTLON</attrlabl><attalias Sync="TRUE">INTPTLON</attalias><attrtype Sync="TRUE">String</attrtype><attwidth Sync="TRUE">12</attwidth><atprecis Sync="TRUE">0</atprecis><attscale Sync="TRUE">0</attscale></attr><attr><attrlabl Sync="TRUE">Shape_Leng</attrlabl><attalias Sync="TRUE">Shape_Leng</attalias><attrtype Sync="TRUE">Double</attrtype><attwidth Sync="TRUE">19</attwidth><atprecis Sync="TRUE">0</atprecis><attscale Sync="TRUE">0</attscale></attr><attr><attrlabl Sync="TRUE">GEOID_Data</attrlabl><attalias Sync="TRUE">GEOID_Data</attalias><attrtype Sync="TRUE">String</attrtype><attwidth Sync="TRUE">254</attwidth><atprecis Sync="TRUE">0</atprecis><attscale Sync="TRUE">0</attscale></attr><attr><attrlabl Sync="TRUE">GeoIDD</attrlabl><attalias Sync="TRUE">GeoIDD</attalias><attrtype Sync="TRUE">Double</attrtype><attwidth Sync="TRUE">19</attwidth><atprecis Sync="TRUE">0</atprecis><attscale Sync="TRUE">0</attscale></attr><attr><attrlabl Sync="TRUE">GEO_ID</attrlabl><attalias Sync="TRUE">GEO_ID</attalias><attrtype Sync="TRUE">Double</attrtype><attwidth Sync="TRUE">19</attwidth><atprecis Sync="TRUE">0</atprecis><attscale Sync="TRUE">0</attscale></attr><attr><attrlabl Sync="TRUE">NAME_1</attrlabl><attalias Sync="TRUE">NAME_1</attalias><attrtype Sync="TRUE">String</attrtype><attwidth Sync="TRUE">254</attwidth><atprecis Sync="TRUE">0</atprecis><attscale Sync="TRUE">0</attscale></attr><attr><attrlabl Sync="TRUE">PovLoEs</attrlabl><attalias Sync="TRUE">PovLoEs</attalias><attrtype Sync="TRUE">Double</attrtype><attwidth Sync="TRUE">19</attwidth><atprecis Sync="TRUE">0</atprecis><attscale Sync="TRUE">0</attscale></attr><attr><attrlabl Sync="TRUE">PovHiEs</attrlabl><attalias Sync="TRUE">PovHiEs</attalias><attrtype Sync="TRUE">Double</attrtype><attwidth Sync="TRUE">19</attwidth><atprecis Sync="TRUE">0</atprecis><attscale Sync="TRUE">0</attscale></attr><attr><attrlabl Sync="TRUE">Shape_Le_1</attrlabl><attalias Sync="TRUE">Shape_Le_1</attalias><attrtype Sync="TRUE">Double</attrtype><attwidth Sync="TRUE">19</attwidth><atprecis Sync="TRUE">0</atprecis><attscale Sync="TRUE">0</attscale></attr><attr><attrlabl Sync="TRUE">Shape_Area</attrlabl><attalias Sync="TRUE">Shape_Area</attalias><attrtype Sync="TRUE">Double</attrtype><attwidth Sync="TRUE">19</attwidth><atprecis Sync="TRUE">0</atprecis><attscale Sync="TRUE">0</attscale><attrdef Sync="TRUE">Area of feature in internal units squared.</attrdef><attrdefs Sync="TRUE">Esri</attrdefs><attrdomv><udom Sync="TRUE">Positive real numbers that are automatically generated.</udom></attrdomv></attr></detailed></eainfo><mdDateSt Sync="TRUE">20211126</mdDateSt></metadata>
