<metadata xml:lang="en"><Esri><CreaDate>20211104</CreaDate><CreaTime>20132400</CreaTime><ArcGISFormat>1.0</ArcGISFormat><SyncOnce>FALSE</SyncOnce><DataProperties><lineage><Process ToolSource="c:\program files\arcgis\pro\Resources\ArcToolbox\toolboxes\Data Management Tools.tbx\CreateFeatureclass" Date="20211104" Time="201324">CreateFeatureclass C:\Users\Carlos\Documents\ArcGIS\Projects\MyProject2\MyProject2.gdb Health_and_Human_Services_Locations__FINAL_XYTableToPoint Point Health_and_Human_Services_Locations_-_FINAL.csv No No "GEOGCS["GCS_WGS_1984",DATUM["D_WGS_1984",SPHEROID["WGS_1984",6378137.0,298.257223563]],PRIMEM["Greenwich",0.0],UNIT["Degree",0.0174532925199433]];-400 -400 1000000000;-100000 10000;-100000 10000;8.98315284119521E-09;0.001;0.001;IsHighPrecision" # 0 0 0 #</Process><Process ToolSource="c:\program files\arcgis\pro\Resources\ArcToolbox\toolboxes\Data Management Tools.tbx\XYTableToPoint" Date="20211104" Time="201324">XYTableToPoint Health_and_Human_Services_Locations_-_FINAL.csv C:\Users\Carlos\Documents\ArcGIS\Projects\MyProject2\MyProject2.gdb\Health_and_Human_Services_Locations__FINAL_XYTableToPoint "Street Address_X" "Street Address_Y" # "GEOGCS["GCS_WGS_1984",DATUM["D_WGS_1984",SPHEROID["WGS_1984",6378137.0,298.257223563]],PRIMEM["Greenwich",0.0],UNIT["Degree",0.0174532925199433]];-400 -400 1000000000;-100000 10000;-100000 10000;8.98315284119521E-09;0.001;0.001;IsHighPrecision"</Process><Process ToolSource="c:\program files\arcgis\pro\Resources\ArcToolbox\toolboxes\Conversion Tools.tbx\FeatureClassToFeatureClass" Date="20211104" Time="201646">FeatureClassToFeatureClass Health_and_Human_Services_Locations__FINAL_XYTableToPoint C:\Users\Carlos\Documents\Maps\Shapefiles HHS.shp # "Facility_Name "Facility Name" true true false 8000 Text 0 0,First,#,Health_and_Human_Services_Locations__FINAL_XYTableToPoint,Facility_Name,0,8000;Street_Address "Street Address" true true false 8000 Text 0 0,First,#,Health_and_Human_Services_Locations__FINAL_XYTableToPoint,Street_Address,0,8000;Street_Address_X "Street Address_X" true true false 8 Double 0 0,First,#,Health_and_Human_Services_Locations__FINAL_XYTableToPoint,Street_Address_X,-1,-1;Street_Address_Y "Street Address_Y" true true false 8 Double 0 0,First,#,Health_and_Human_Services_Locations__FINAL_XYTableToPoint,Street_Address_Y,-1,-1;Hours "Hours" true true false 8000 Text 0 0,First,#,Health_and_Human_Services_Locations__FINAL_XYTableToPoint,Hours,0,8000;Website "Website" true true false 8000 Text 0 0,First,#,Health_and_Human_Services_Locations__FINAL_XYTableToPoint,Website,0,8000" #</Process><Process ToolSource="c:\program files\arcgis\pro\Resources\ArcToolbox\toolboxes\Conversion Tools.tbx\FeatureClassToFeatureClass" Date="20211117" Time="212829">FeatureClassToFeatureClass "Austin/Travis County Department of Health and Human Services Provider Locations" "C:\Users\Carlos\Documents\Maps\Grad School\7362" HHS_Locations.shp # "Facility_N "Facility_N" true true false 254 Text 0 0,First,#,Austin/Travis County Department of Health and Human Services Provider Locations,Facility_N,0,254;Street_Add "Street_Add" true true false 254 Text 0 0,First,#,Austin/Travis County Department of Health and Human Services Provider Locations,Street_Add,0,254;Street_A_1 "Street_A_1" true true false 19 Double 0 0,First,#,Austin/Travis County Department of Health and Human Services Provider Locations,Street_A_1,-1,-1;Street_A_2 "Street_A_2" true true false 19 Double 0 0,First,#,Austin/Travis County Department of Health and Human Services Provider Locations,Street_A_2,-1,-1;Hours "Hours" true true false 254 Text 0 0,First,#,Austin/Travis County Department of Health and Human Services Provider Locations,Hours,0,254;Website "Website" true true false 254 Text 0 0,First,#,Austin/Travis County Department of Health and Human Services Provider Locations,Website,0,254" #</Process><Process ToolSource="c:\program files\arcgis\pro\Resources\ArcToolbox\toolboxes\Conversion Tools.tbx\FeatureClassToFeatureClass" Date="20211126" Time="141831">FeatureClassToFeatureClass "Austin/Travis County Department of Health and Human Services Provider Locations" "C:\Users\Carlos\Documents\Grad School\5408\Final Project\Map Layer Data\Health and Human Services Provider Locations" "Health and Human Services Provider Locations.shp" # "Facility_N "Facility_N" true true false 254 Text 0 0,First,#,Austin/Travis County Department of Health and Human Services Provider Locations,Facility_N,0,254;Street_Add "Street_Add" true true false 254 Text 0 0,First,#,Austin/Travis County Department of Health and Human Services Provider Locations,Street_Add,0,254;Street_A_1 "Street_A_1" true true false 19 Double 0 0,First,#,Austin/Travis County Department of Health and Human Services Provider Locations,Street_A_1,-1,-1;Street_A_2 "Street_A_2" true true false 19 Double 0 0,First,#,Austin/Travis County Department of Health and Human Services Provider Locations,Street_A_2,-1,-1;Hours "Hours" true true false 254 Text 0 0,First,#,Austin/Travis County Department of Health and Human Services Provider Locations,Hours,0,254;Website "Website" true true false 254 Text 0 0,First,#,Austin/Travis County Department of Health and Human Services Provider Locations,Website,0,254" #</Process></lineage><itemProps><itemName Sync="TRUE">Health and Human Services Provider Locations</itemName><imsContentType Sync="TRUE">002</imsContentType><itemSize Sync="TRUE">0.000</itemSize><itemLocation><linkage Sync="TRUE">file://\\DESKTOP-HT7K8MO\C$\Users\Carlos\Documents\Grad School\5408\Final Project\Map Layer Data\Health and Human Services Provider Locations\Health and Human Services Provider Locations.shp</linkage><protocol Sync="TRUE">Local Area Network</protocol></itemLocation></itemProps><coordRef><type Sync="TRUE">Geographic</type><geogcsn Sync="TRUE">GCS_WGS_1984</geogcsn><csUnits Sync="TRUE">Angular Unit: Degree (0.017453)</csUnits><peXml Sync="TRUE">&lt;GeographicCoordinateSystem xsi:type='typens:GeographicCoordinateSystem' xmlns:xsi='http://www.w3.org/2001/XMLSchema-instance' xmlns:xs='http://www.w3.org/2001/XMLSchema' xmlns:typens='http://www.esri.com/schemas/ArcGIS/2.8.0'&gt;&lt;WKT&gt;GEOGCS[&amp;quot;GCS_WGS_1984&amp;quot;,DATUM[&amp;quot;D_WGS_1984&amp;quot;,SPHEROID[&amp;quot;WGS_1984&amp;quot;,6378137.0,298.257223563]],PRIMEM[&amp;quot;Greenwich&amp;quot;,0.0],UNIT[&amp;quot;Degree&amp;quot;,0.0174532925199433],AUTHORITY[&amp;quot;EPSG&amp;quot;,4326]]&lt;/WKT&gt;&lt;XOrigin&gt;-400&lt;/XOrigin&gt;&lt;YOrigin&gt;-400&lt;/YOrigin&gt;&lt;XYScale&gt;11258999068426.238&lt;/XYScale&gt;&lt;ZOrigin&gt;-100000&lt;/ZOrigin&gt;&lt;ZScale&gt;10000&lt;/ZScale&gt;&lt;MOrigin&gt;-100000&lt;/MOrigin&gt;&lt;MScale&gt;10000&lt;/MScale&gt;&lt;XYTolerance&gt;8.983152841195215e-09&lt;/XYTolerance&gt;&lt;ZTolerance&gt;0.001&lt;/ZTolerance&gt;&lt;MTolerance&gt;0.001&lt;/MTolerance&gt;&lt;HighPrecision&gt;true&lt;/HighPrecision&gt;&lt;LeftLongitude&gt;-180&lt;/LeftLongitude&gt;&lt;WKID&gt;4326&lt;/WKID&gt;&lt;LatestWKID&gt;4326&lt;/LatestWKID&gt;&lt;/GeographicCoordinateSystem&gt;</peXml></coordRef></DataProperties><SyncDate>20211126</SyncDate><SyncTime>14183100</SyncTime><ModDate>20211126</ModDate><ModTime>14183100</ModTime></Esri><dataIdInfo><envirDesc Sync="TRUE">Microsoft Windows 10 Version 10.0 (Build 19043) ; Esri ArcGIS 12.8.0.29751</envirDesc><dataLang><languageCode value="eng" Sync="TRUE"></languageCode><countryCode value="USA" Sync="TRUE"></countryCode></dataLang><idCitation><resTitle Sync="TRUE">Health and Human Services Provider Locations</resTitle><presForm><PresFormCd value="005" Sync="TRUE"></PresFormCd></presForm></idCitation><spatRpType><SpatRepTypCd value="001" Sync="TRUE"></SpatRepTypCd></spatRpType></dataIdInfo><mdLang><languageCode value="eng" Sync="TRUE"></languageCode><countryCode value="USA" Sync="TRUE"></countryCode></mdLang><distInfo><distFormat><formatName Sync="TRUE">Shapefile</formatName></distFormat><distTranOps><transSize Sync="TRUE">0.000</transSize></distTranOps></distInfo><mdHrLv><ScopeCd value="005" Sync="TRUE"></ScopeCd></mdHrLv><mdHrLvName Sync="TRUE">dataset</mdHrLvName><refSysInfo><RefSystem><refSysID><identCode code="4326" Sync="TRUE"></identCode><idCodeSpace Sync="TRUE">EPSG</idCodeSpace><idVersion Sync="TRUE">6.2(3.0.1)</idVersion></refSysID></RefSystem></refSysInfo><spatRepInfo><VectSpatRep><geometObjs Name="Health and Human Services Provider Locations"><geoObjTyp><GeoObjTypCd value="004" Sync="TRUE"></GeoObjTypCd></geoObjTyp><geoObjCnt Sync="TRUE">0</geoObjCnt></geometObjs><topLvl><TopoLevCd value="001" Sync="TRUE"></TopoLevCd></topLvl></VectSpatRep></spatRepInfo><spdoinfo><ptvctinf><esriterm Name="Health and Human Services Provider Locations"><efeatyp Sync="TRUE">Simple</efeatyp><efeageom code="1" Sync="TRUE"></efeageom><esritopo Sync="TRUE">FALSE</esritopo><efeacnt Sync="TRUE">0</efeacnt><spindex Sync="TRUE">FALSE</spindex><linrefer Sync="TRUE">FALSE</linrefer></esriterm></ptvctinf></spdoinfo><eainfo><detailed Name="Health and Human Services Provider Locations"><enttyp><enttypl Sync="TRUE">Health and Human Services Provider Locations</enttypl><enttypt Sync="TRUE">Feature Class</enttypt><enttypc Sync="TRUE">0</enttypc></enttyp><attr><attrlabl Sync="TRUE">FID</attrlabl><attalias Sync="TRUE">FID</attalias><attrtype Sync="TRUE">OID</attrtype><attwidth Sync="TRUE">4</attwidth><atprecis Sync="TRUE">0</atprecis><attscale Sync="TRUE">0</attscale><attrdef Sync="TRUE">Internal feature number.</attrdef><attrdefs Sync="TRUE">Esri</attrdefs><attrdomv><udom Sync="TRUE">Sequential unique whole numbers that are automatically generated.</udom></attrdomv></attr><attr><attrlabl Sync="TRUE">Shape</attrlabl><attalias Sync="TRUE">Shape</attalias><attrtype Sync="TRUE">Geometry</attrtype><attwidth Sync="TRUE">0</attwidth><atprecis Sync="TRUE">0</atprecis><attscale Sync="TRUE">0</attscale><attrdef Sync="TRUE">Feature geometry.</attrdef><attrdefs Sync="TRUE">Esri</attrdefs><attrdomv><udom Sync="TRUE">Coordinates defining the features.</udom></attrdomv></attr><attr><attrlabl Sync="TRUE">Facility_N</attrlabl><attalias Sync="TRUE">Facility_N</attalias><attrtype Sync="TRUE">String</attrtype><attwidth Sync="TRUE">254</attwidth><atprecis Sync="TRUE">0</atprecis><attscale Sync="TRUE">0</attscale></attr><attr><attrlabl Sync="TRUE">Street_Add</attrlabl><attalias Sync="TRUE">Street_Add</attalias><attrtype Sync="TRUE">String</attrtype><attwidth Sync="TRUE">254</attwidth><atprecis Sync="TRUE">0</atprecis><attscale Sync="TRUE">0</attscale></attr><attr><attrlabl Sync="TRUE">Street_A_1</attrlabl><attalias Sync="TRUE">Street_A_1</attalias><attrtype Sync="TRUE">Double</attrtype><attwidth Sync="TRUE">19</attwidth><atprecis Sync="TRUE">0</atprecis><attscale Sync="TRUE">0</attscale></attr><attr><attrlabl Sync="TRUE">Street_A_2</attrlabl><attalias Sync="TRUE">Street_A_2</attalias><attrtype Sync="TRUE">Double</attrtype><attwidth Sync="TRUE">19</attwidth><atprecis Sync="TRUE">0</atprecis><attscale Sync="TRUE">0</attscale></attr><attr><attrlabl Sync="TRUE">Hours</attrlabl><attalias Sync="TRUE">Hours</attalias><attrtype Sync="TRUE">String</attrtype><attwidth Sync="TRUE">254</attwidth><atprecis Sync="TRUE">0</atprecis><attscale Sync="TRUE">0</attscale></attr><attr><attrlabl Sync="TRUE">Website</attrlabl><attalias Sync="TRUE">Website</attalias><attrtype Sync="TRUE">String</attrtype><attwidth Sync="TRUE">254</attwidth><atprecis Sync="TRUE">0</atprecis><attscale Sync="TRUE">0</attscale></attr></detailed></eainfo><mdDateSt Sync="TRUE">20211126</mdDateSt></metadata>
